{"cameraMode":{"drawMode":0,"name":"Shaded","section":"Shading Mode"},"sceneLighting":true,"audioPlay":false,"sceneViewState":{"m_AlwaysRefresh":false,"showFog":true,"showSkybox":true,"showFlares":true,"showImageEffects":true,"showParticleSystems":true,"showVisualEffectGraphs":true,"m_FxEnabled":true},"in2DMode":false,"pivot":{"x":13.833822250366211,"y":6.085378646850586,"z":0.23241806030273438},"rotation":{"x":0.07193078100681305,"y":0.01556828711181879,"z":-0.0011422814568504692,"w":0.9973199367523193},"size":33.4717903137207,"orthographic":false}